{
  "accuracy": 0.8110236220472441,
  "f1": 0.4782608695652174,
  "auroc": 0.8447368421052632,
  "threshold": 0.5999999999999999,
  "mean_variance": 0.00010433697025291622,
  "mean_entropy": 0.6863569617271423
}