{
  "accuracy": 0.7795275590551181,
  "f1": 0.6216216216216217,
  "auroc": 0.7970394736842105,
  "threshold": 0.5499999999999999,
  "mean_variance": 7.733110396657139e-05,
  "mean_entropy": 0.6891270875930786
}