{
  "accuracy": 0.8346456692913385,
  "f1": 0.5333333333333333,
  "auroc": 0.8381578947368422,
  "threshold": 0.5999999999999999,
  "mean_variance": 0.0004300401487853378,
  "mean_entropy": 0.6856245398521423
}