{
  "accuracy": 0.8582677165354331,
  "f1": 0.775,
  "auroc": 0.9407894736842106,
  "threshold": 0.7,
  "mean_variance": 0.00046915278653614223,
  "mean_entropy": 0.5241897702217102
}