{
  "accuracy": 0.8346456692913385,
  "f1": 0.5333333333333333,
  "auroc": 0.8421052631578948,
  "threshold": 0.5999999999999999,
  "mean_variance": 0.0004455425951164216,
  "mean_entropy": 0.6857395768165588
}