{
  "accuracy": 0.84251968503937,
  "f1": 0.5454545454545454,
  "auroc": 0.8480263157894736,
  "threshold": 0.5999999999999999,
  "mean_variance": 0.0004569942830130458,
  "mean_entropy": 0.685889482498169
}